{"cameraMode":{"drawMode":0,"name":"Shaded","section":"Shading Mode"},"sceneLighting":false,"audioPlay":false,"sceneViewState":{"m_AlwaysRefresh":false,"showFog":true,"showSkybox":false,"showFlares":true,"showImageEffects":true,"showParticleSystems":true,"showVisualEffectGraphs":true,"m_FxEnabled":true},"in2DMode":false,"pivot":{"x":30.040599822998048,"y":5.157111167907715,"z":-32.266658782958987},"rotation":{"x":0.19026875495910645,"y":-0.7925785183906555,"z":0.30682438611984255,"w":0.49174606800079348},"size":26.074535369873048,"orthographic":false}