{"cameraMode":{"drawMode":0,"name":"Shaded","section":"Shading Mode"},"sceneLighting":false,"audioPlay":false,"sceneViewState":{"m_AlwaysRefresh":false,"showFog":true,"showSkybox":false,"showFlares":true,"showImageEffects":true,"showParticleSystems":true,"showVisualEffectGraphs":true,"m_FxEnabled":true},"in2DMode":false,"pivot":{"x":-0.08749967813491821,"y":0.9264734983444214,"z":-0.00005066394805908203},"rotation":{"x":-0.20588034391403199,"y":-0.26854950189590456,"z":0.05891210213303566,"w":-0.9396677613258362},"size":1.5387064218521119,"orthographic":false}